"""Question"",""Answer"""
"""When I am about to start a run, what can I do in the next 5–10 minutes to warm up?"",""Begin with 3–5 minutes of easy walking or light jogging, then add dynamic moves like leg swings, high knees, and hip circles to activate running muscles.""fnm+1​"
"""When I finish a run, what can I do in the next 5–10 minutes to cool down?"",""Gradually slow to a walk for a few minutes, then stretch calves, hamstrings, quads, and hips with gentle 20–30 second holds each side.""heart+1​"
"""When I am preparing for an interval track session, what can I do in the next 10 minutes to warm up?"",""Jog easily, add drills like high knees, butt kicks, and A‑skips, then include a few short strides at near‑race pace to prime speed.""youtube​runkeeper​"
"""When I finish sprint training, what can I do in the next 10 minutes to cool down?"",""Jog or walk easily for 3–5 minutes, then stretch hamstrings, hip flexors, quads, calves, and lower back for 20–30 seconds each.""athletesuntapped+1​"
"""When I am about to lift weights, what can I do in the next 5–10 minutes to warm up?"",""Do 3–5 minutes of light cardio, then dynamic movements for the joints you will use (arm circles, body‑weight squats, hip hinges) before loading.""mcpress.mayoclinic+1​"
"""When I finish heavy strength training, what can I do in the next 5–10 minutes to cool down?"",""Reduce intensity with light cycling or walking, then stretch major worked muscles—chest, back, hips, and legs—holding each for 20–30 seconds.""healthline+1​"
"""When I am getting ready for a football or soccer match, what can I do in the next 10 minutes to warm up?"",""Combine light jogging with dynamic leg swings, lunges, hip openers, and short accelerations to mimic match movements.""garagegymreviews+1​"
"""When I finish a football or soccer session, what can I do in the next 10 minutes to cool down?"",""Walk for a few minutes, then stretch calves, hamstrings, hip flexors, quads, and groin, focusing on areas that feel tight.""athletesuntapped+1​"
"""When I am about to play basketball, what can I do in the next 5–10 minutes to warm up?"",""Start with light jogging and side shuffles, then add dynamic squats, arm swings, and short changes of direction to prepare joints and tendons.""fnm+1​"
"""When I end a basketball practice, what can I do in the next 10 minutes to cool down?"",""Walk laps to lower heart rate, then stretch calves, quads, hip flexors, glutes, and shoulders to support flexibility and recovery.""goodrx+1​"
"""When I am about to swim laps, what can I do in the next 5–10 minutes to warm up?"",""Do gentle arm circles, shoulder rolls, band pull‑aparts if available, and a few easy lengths focusing on technique before increasing effort.""mcpress.mayoclinic+1​"
"""When I finish a swim session, what can I do in the next 10 minutes to cool down?"",""Swim a few easy lengths, then stretch shoulders, chest, lats, and hips with controlled, comfortable holds.""heart+1​"
"""When I am preparing for a cycling session, what can I do in the next 5–10 minutes to warm up?"",""Spin at low resistance for several minutes, gradually increasing cadence, then add a few short higher‑effort bursts to prime the legs.""fnm+1​"
"""When I finish a hard cycling workout, what can I do in the next 10 minutes to cool down?"",""Spin at low intensity to bring heart rate down, then stretch quads, hip flexors, hamstrings, and calves.""garagegymreviews+1​"
"""When I am getting ready for a tennis or racket sport session, what can I do in the next 10 minutes to warm up?"",""Jog lightly, add side shuffles, lunges, and dynamic shoulder and wrist circles, then practice easy groundstrokes to groove movement.""garagegymreviews+1​"
"""When I end a tennis or racket sport session, what can I do in the next 10 minutes to cool down?"",""Walk, then stretch calves, hamstrings, forearms, shoulders, and upper back to help reduce stiffness.""goodrx+1​"
"""When I am about to do a HIIT workout, what can I do in the next 5–10 minutes to warm up?"",""Use low‑impact cardio, then dynamic moves similar to your session (light squats, lunges, arm swings) to raise temperature and prep joints.""healthymummy+1​"
"""When I finish a HIIT session, what can I do in the next 10 minutes to cool down?"",""Lower intensity gradually, then perform static stretches for major muscle groups and finish with slow breathing.""heart+1​"
"""When I am returning to running after a muscle strain, what can I do in the next 10 minutes?"",""Use a walk‑jog approach, start with very short easy runs, and stop if pain increases; progress gradually as symptoms allow.""hellophysio+1​"
"""When I am coming back from a hamstring injury, what can I do in the next 10 minutes?"",""Warm up gently, include light hamstring activation drills, and stick to low‑intensity running under guidance until strength and flexibility are restored.""pmc.ncbi.nlm.nih+1​"
"""When I am recovering from an ankle sprain, what can I do in the next 10 minutes?"",""Perform approved range‑of‑motion and balance drills (like single‑leg stands), and avoid high‑impact or cutting moves until cleared.""pearlfootandankle+1​"
"""When I am returning to sport after a knee injury, what can I do in the next 10 minutes?"",""Focus on controlled strength and stability exercises, and only add sport‑specific drills once pain, swelling, and range of motion are under control.""apunts+1​"
"""When I feel pain during a workout post‑injury, what can I do in the next 10 minutes?"",""Stop the aggravating activity, switch to gentler movement or rest, and monitor symptoms rather than pushing through sharp pain.""pearlfootandankle+1​"
"""When I have just finished physio and been cleared to progress, what can I do in the next 10 minutes?"",""Plan a graded return that starts below your previous volume and intensity, and track response over days instead of jumping straight to old loads.""centralarkansasfootandankle+1​"
"""When I have a history of calf strains, what can I do in the next 10 minutes before training?"",""Include calf‑specific warm‑up like light hopping or heel raises, and ensure you progress intensity gradually in the main session.""physio-pedia+1​"
"""When I am prone to Achilles issues, what can I do in the next 10 minutes post‑session?"",""Cool down with easy walking and gentle calf stretching, and avoid sudden uphill sprints or heavy plyometrics while recovering.""pmc.ncbi.nlm.nih+1​"
"""When my lower back has been injured, what can I do in the next 10 minutes before exercise?"",""Do gentle core activation and hip mobility drills, avoid heavy loading if pain persists, and follow professional guidance on safe movements.""centralarkansasfootandankle+1​"
"""When I am returning to jumping sports after injury, what can I do in the next 10 minutes?"",""Start with low‑intensity landing drills and small jumps on stable surfaces, focusing on control and alignment rather than height.""centralarkansasfootandankle+1​"
"""When I am sore but not injured after training, what can I do in the next 10 minutes?"",""Perform a light cool‑down, stretch key muscles, hydrate, and add gentle movement instead of complete stillness to support circulation.""healthline+1​"
"""When I am preparing for a long endurance session, what can I do in the next 10 minutes to warm up?"",""Use progressive easy movement, check technique with a few controlled efforts, and ensure joints and muscles feel supple before the main work.""mcpress.mayoclinic+1​"
"""When I finish a long endurance session, what can I do in the next 10 minutes?"",""Cool down at low intensity, stretch major muscle groups, and start rehydration and fueling to support recovery.""goodrx+1​"
"""When I have limited time before training, what can I do in the next 5 minutes to warm up safely?"",""Choose a concise routine: light cardio plus dynamic mobility targeting the muscles and joints you will use that day.""healthymummy+1​"
"""When I am tight through my hips after sport, what can I do in the next 10 minutes?"",""Use a cool‑down that includes hip flexor, glute, and hamstring stretches, holding each gently for 20–30 seconds.""healthline+1​"
"""When I am preparing for upper‑body strength work, what can I do in the next 5–10 minutes?"",""Warm up shoulders and upper back with arm circles, band pull‑aparts, and light sets before heavier lifts.""fnm+1​"
"""When I finish upper‑body training, what can I do in the next 10 minutes?"",""Stretch chest, shoulders, lats, and triceps, and practice relaxed breathing to help the nervous system shift toward recovery.""goodrx+1​"
"""When I am returning from a shoulder injury, what can I do in the next 10 minutes before sport?"",""Perform controlled mobility and activation drills recommended by your clinician and avoid end‑range loading or high‑speed throws early on.""physio-pedia+1​"
"""When I am back from a stress fracture, what can I do in the next 10 minutes of training time?"",""Use low‑impact options like cycling or swimming as guided, and reintroduce impact slowly with careful monitoring of pain and fatigue.""pearlfootandankle+1​"
"""When I have an important competition coming up after injury, what can I do in the next 10 minutes today?"",""Review your rehab plan, confirm criteria for return to play (pain, strength, range of motion), and avoid last‑minute big jumps in load.""apunts+1​"
"""When I feel stiff starting a training day, what can I do in the next 5–10 minutes?"",""Use a dynamic warm‑up that includes marching, torso rotations, heel digs, squats, and side stretches to raise temperature and mobility.""healthymummy+1​"
"""When I am cooling down from a mixed full‑body session, what can I do in the next 10 minutes?"",""Gradually reduce intensity and perform a sequence of stretches covering lower body, upper body, and spine, holding each briefly.""healthymummy+1​"
"""When I worry about re‑injury, what can I do in the next 10 minutes around training?"",""Check that your current plan follows gradual progression, note any warning signs, and stay within pain‑free or minimal‑discomfort ranges.""hellophysio+1​"
"""When I have just tweaked a muscle during sport, what can I do in the next 10 minutes?"",""Stop the provoking activity, apply basic protection and rest, and avoid testing it repeatedly; seek professional assessment soon.""pmc.ncbi.nlm.nih+1​"
"""When I am unsure if I am ready to return to full competition, what can I do in the next 10 minutes?"",""Review whether pain, swelling, range of motion, and strength are close to normal, and discuss with your rehab or medical team.""apunts+1​"
"""When I feel my heart rate very high at the end of a session, what can I do in the next 5–10 minutes?"",""Keep moving at a low intensity instead of stopping abruptly until breathing and heart rate come down toward normal.""heart+1​"
"""When I have only one day off between hard sessions, what can I do in the next 10 minutes for recovery?"",""Add an easy cool‑down, stretch, hydrate, and plan light movement or mobility work on the off day instead of another intense session.""healthline+1​"
"""When I am planning my week after an injury, what can I do in the next 10 minutes?"",""Map out progressively increasing volumes and intensities, leaving rest or lighter days between harder ones to support tissue healing.""hellophysio+1​"
"""When I am tapering before competition after being injured, what can I do in the next 10 minutes?"",""Keep some sport‑specific intensity but reduce total volume, maintain warm‑up and cool‑down quality, and prioritize sleep and recovery habits.""physio-pedia+1​"

1. https://fnm.com.au/2025/02/18/the-best-warm-up-and-cool-down-routines-for-any-workout/
2. https://runkeeper.com/cms/training/the-best-warm-ups-and-cool-downs-for-your-runs/
3. https://www.heart.org/en/healthy-living/fitness/fitness-basics/warm-up-cool-down
4. https://www.goodrx.com/well-being/movement-exercise/cool-down-exercises-after-workout
5. https://www.youtube.com/watch?v=3WUtJxLv-wI
6. https://athletesuntapped.com/blog/cool-down-stretching-speed-athletes/
7. https://blackroll.com/routine/cool-down-and-stretching-exercises-for-athletics
8. https://mcpress.mayoclinic.org/nutrition-fitness/how-to-warm-up-and-cool-down-for-exercise/
9. https://www.healthline.com/health/exercise-fitness/cooldown-exercises
10. https://www.garagegymreviews.com/cool-down-exercises
11. https://www.healthymummy.com/simple-5-minute-warm-up-cool-down-exercises/
12. https://www.hellophysio.sg/return-to-sport-after-injury/
13. https://pmc.ncbi.nlm.nih.gov/articles/PMC4596176/
14. https://www.physio-pedia.com/Return_to_Play_in_Sports
15. https://pearlfootandankle.com/athletes-returning-to-sports-after-foot-ankle-injuries-a-comprehensive-guide/
16. https://centralarkansasfootandankle.com/returning-to-sports-after-an-injury-what-to-expect/
17. https://www.apunts.org/en-return-competition-following-athletic-injury-articulo-S1886658110000046
18. https://www.youtube.com/watch?v=f3zOrYCwquE
19. https://www.youtube.com/watch?v=gfzC9XMEypg
20. https://www.youtube.com/watch?v=BXTDoE07isk
