question,answer,acupuncture_points,pharmacopeia
What TCM treatment helps difficulty concentrating and focusing on tasks?,"Heart-Spleen Deficiency with Phlegm Misting Orifices. Heart houses shen (consciousness), spleen transforms thoughts. Deficiency weakens mental clarity, phlegm clouds mind. Tonify heart-spleen, resolve phlegm, open orifices, restore mental focus.","DU-20 (Baihui), HT-7 (Shenmen), ST-36 (Zusanli), Sishencong (Extra), PC-6 (Neiguan), BL-15 (Xinshu)",Gui Pi Tang (Restore Spleen) plus Wen Dan Tang (Warm Gallbladder)
How does TCM address brain fog and mental cloudiness?,"Spleen Qi Deficiency with Dampness and Phlegm Misting Shen. Weak spleen creates dampness-phlegm that clouds mental clarity. Strengthen spleen, transform phlegm-damp, clear mind orifices, lift clear yang to head.","DU-20 (Baihui), ST-40 (Fenglong), ST-36 (Zusanli), SP-9 (Yinlingquan), Yintang, REN-12 (Zhongwan)","Shen Ling Bai Zhu San (Ginseng, Poria) plus Er Chen Tang (Two-Cured)"
What helps students with poor memory retention and recall?,"Kidney Essence Deficiency with Heart-Spleen Qi Deficiency. Kidney stores essence and willpower, heart-spleen govern cognition. Tonify kidney essence, strengthen heart-spleen, nourish marrow and brain, enhance retention.","KI-3 (Taixi), DU-20 (Baihui), HT-7 (Shenmen), GB-39 (Xuanzhong), ST-36 (Zusanli), BL-23 (Shenshu)",Liu Wei Di Huang Wan (Six-Ingredient Rehmannia) plus Gui Pi Tang plus Bu Nao herbs
How to treat inability to make decisions or think clearly?,"Heart-Gallbladder Qi Deficiency with Phlegm. Gallbladder governs decisiveness, heart houses clarity. Deficiency creates indecision and confusion. Tonify heart-gallbladder, resolve phlegm, restore mental courage and clarity.","GB-34 (Yanglingquan), HT-7 (Shenmen), PC-6 (Neiguan), ST-40 (Fenglong), Yintang, DU-20 (Baihui)",Wen Dan Tang (Warm Gallbladder Decoction) plus An Shen Ding Zhi Wan
What TCM approach helps mental fatigue from overthinking?,"Heart-Spleen Qi Deficiency from excessive thinking. Overthinking depletes heart-spleen qi, creates mental exhaustion. Tonify qi, calm shen, regulate thought process, establish mental rest periods.","HT-7 (Shenmen), ST-36 (Zusanli), SP-6 (Sanyinjiao), PC-6 (Neiguan), DU-20 (Baihui), Yintang","Gui Pi Tang (Restore Spleen) plus Gan Mai Da Zao Tang (Licorice, Wheat, Jujube)"
How does TCM address difficulty learning new information?,"Kidney Essence and Spleen Qi Deficiency. Kidney essence supports brain marrow, spleen transforms new information. Tonify kidney essence, strengthen spleen, improve cognitive absorption and neuroplasticity.","KI-3 (Taixi), ST-36 (Zusanli), DU-20 (Baihui), BL-23 (Shenshu), GB-39 (Xuanzhong), Sishencong",Liu Wei Di Huang Wan (Six-Ingredient Rehmannia) plus Shen Ling Bai Zhu San
What helps professionals with mental exhaustion and burnout?,"Severe Qi and Blood Deficiency with Heart-Kidney Disharmony. Professional burnout depletes vital substances and disconnects heart-kidney. Tonify qi-blood, connect heart-kidney, restore energy and mental reserves.","ST-36 (Zusanli), HT-7 (Shenmen), KI-3 (Taixi), SP-6 (Sanyinjiao), REN-6 (Qihai), BL-15 (Xinshu)",Ren Shen Yang Rong Tang (Ginseng Nourish Luxuriance) plus Ba Zhen Tang
How to treat scattered thoughts and mental disorganization?,"Heart-Shen Disturbance with Liver Qi Stagnation. Scattered thoughts indicate disturbed shen and stagnant liver qi. Calm shen, soothe liver, anchor mind, improve mental organization and coherence.","HT-7 (Shenmen), LV-3 (Taichong), DU-20 (Baihui), PC-6 (Neiguan), Yintang, Sishencong",Wen Dan Tang (Warm Gallbladder) plus Chai Hu Shu Gan San (Bupleurum Liver-Soothing)
What TCM treatment supports memory palace technique practice?,"Heart-Kidney Connection with Clear Orifices. Memory palace requires sharp shen and strong essence. Connect heart-kidney, tonify essence, clear brain orifices, enhance spatial-visual memory pathways.","DU-20 (Baihui), KI-3 (Taixi), HT-7 (Shenmen), GB-39 (Xuanzhong), Yintang, Sishencong (Extra)","Kai Xin San (Open Heart Powder: Ren Shen, Fu Ling, Yuan Zhi, Shi Chang Pu)"
How does TCM address short-term memory problems?,"Heart Blood Deficiency with Kidney Essence Deficiency. Short-term memory requires heart blood nourishment and kidney essence. Nourish heart blood, tonify kidney essence, support hippocampal function.","HT-7 (Shenmen), KI-3 (Taixi), BL-15 (Xinshu), BL-23 (Shenshu), PC-6 (Neiguan), DU-20 (Baihui)",Gui Pi Tang (Restore Spleen) plus Tian Wang Bu Xin Dan (Emperor of Heaven)
What helps creative blocks and lack of inspiration?,"Liver Qi Stagnation with Heart Blood Deficiency. Stagnation blocks creative flow, deficiency depletes inspiration. Soothe liver, move qi, nourish heart blood, open channels of creativity and innovation.","LV-3 (Taichong), HT-7 (Shenmen), LV-14 (Qimen), PC-6 (Neiguan), GB-34 (Yanglingquan), DU-20 (Baihui)",Xiao Yao San (Free and Easy Wanderer) plus Tao Hong Si Wu Tang (Four Substances)
How to treat mental sluggishness in the morning?,"Spleen-Kidney Yang Deficiency. Morning sluggishness indicates yang qi not rising. Warm spleen-kidney yang, lift clear yang, activate morning qi transformation, restore mental alertness.","DU-20 (Baihui), ST-36 (Zusanli), REN-6 (Qihai), DU-4 (Mingmen), KI-3 (Taixi), DU-14 (Dazhui)","Bu Zhong Yi Qi Tang (Tonify Middle) plus warm yang herbs, morning practice"
What TCM approach helps exam anxiety affecting memory?,"Heart-Gallbladder Qi Deficiency with Liver Qi Stagnation. Anxiety disrupts heart-gallbladder courage and liver smooth flow. Calm anxiety, tonify heart-gallbladder, soothe liver, restore confident mental function.","HT-7 (Shenmen), GB-34 (Yanglingquan), PC-6 (Neiguan), LV-3 (Taichong), Yintang, ST-36 (Zusanli)",Wen Dan Tang (Warm Gallbladder) plus Xiao Yao San (Free and Easy Wanderer)
How does TCM support long-term memory formation?,"Kidney Essence with Heart-Spleen Support. Long-term memory stored in kidney essence, processed through heart-spleen. Tonify kidney essence deeply, strengthen heart-spleen, consolidate memory formation.","KI-3 (Taixi), HT-7 (Shenmen), ST-36 (Zusanli), BL-23 (Shenshu), BL-15 (Xinshu), DU-20 (Baihui)",Zuo Gui Wan (Restore Left Kidney) plus Gui Pi Tang (Restore Spleen)
What helps age-related cognitive decline and forgetfulness?,"Kidney Essence Deficiency with Heart-Spleen Deficiency. Aging depletes kidney essence affecting brain marrow and cognitive organs. Tonify kidney essence, strengthen heart-spleen, slow cognitive decline, nourish brain.","KI-3 (Taixi), DU-20 (Baihui), GB-39 (Xuanzhong), ST-36 (Zusanli), HT-7 (Shenmen), Sishencong",Liu Wei Di Huang Wan (Six-Ingredient Rehmannia) plus Bu Nao Wan (Nourish Brain)
What TCM treatment helps obsessive negative thinking?,"Phlegm-Fire Harassing Heart with Liver Qi Stagnation. Obsessive thoughts show phlegm-fire disturbing shen and stagnant liver. Clear phlegm-fire, calm heart, soothe liver, break obsessive patterns.","HT-7 (Shenmen), ST-40 (Fenglong), LI-11 (Quchi), LV-3 (Taichong), PC-6 (Neiguan), DU-24 (Shenting)",Wen Dan Tang (Warm Gallbladder) plus Long Dan Xie Gan Tang (Gentian Drain Liver)
How does TCM address rumination and repetitive worrying?,"Liver Qi Stagnation Invading Heart-Spleen. Rumination shows liver constraint affecting thought processing. Soothe liver powerfully, strengthen heart-spleen, move stagnant qi, release repetitive loops.","LV-3 (Taichong), LV-14 (Qimen), HT-7 (Shenmen), PC-6 (Neiguan), GB-34 (Yanglingquan), ST-36 (Zusanli)",Xiao Yao San (Free and Easy Wanderer) plus Chai Hu Shu Gan San
What helps patients stuck in pessimistic thought loops?,"Liver Qi Stagnation with Heart Blood Deficiency and Spleen Deficiency. Pessimism from liver constraint depleting heart joy and spleen transformation. Soothe liver, nourish heart, strengthen spleen, restore optimism.","LV-3 (Taichong), HT-7 (Shenmen), ST-36 (Zusanli), SP-6 (Sanyinjiao), BL-18 (Ganshu), PC-6 (Neiguan)",Xiao Yao San (Free and Easy Wanderer) plus Gui Pi Tang (Restore Spleen)
How to treat catastrophic thinking and worst-case scenarios?,"Heart-Gallbladder Qi Deficiency with Phlegm-Fire. Catastrophic thinking shows fearful heart-gallbladder with agitating phlegm-fire. Tonify courage organs, clear phlegm-fire, restore balanced perspective.","HT-7 (Shenmen), GB-34 (Yanglingquan), ST-40 (Fenglong), PC-6 (Neiguan), LI-11 (Quchi), Yintang","Wen Dan Tang (Warm Gallbladder) plus settle shen minerals (Long Gu, Mu Li)"
What TCM approach helps self-critical inner dialogue?,"Liver Qi Stagnation Invading Heart with Heart Blood Deficiency. Inner criticism shows stagnant liver attacking deficient heart. Soothe liver aggression, nourish heart blood, cultivate self-compassion.","LV-3 (Taichong), HT-7 (Shenmen), LV-14 (Qimen), PC-6 (Neiguan), REN-17 (Danzhong), SP-6 (Sanyinjiao)",Xiao Yao San (Free and Easy Wanderer) plus Si Wu Tang (Four Substances)
How does TCM address excessive self-doubt and insecurity?,"Heart-Gallbladder Qi Deficiency with Kidney Essence Deficiency. Self-doubt from weak courage organs and depleted kidney willpower. Tonify heart-gallbladder-kidney, restore confidence and decisiveness.","HT-7 (Shenmen), GB-34 (Yanglingquan), KI-3 (Taixi), PC-6 (Neiguan), BL-15 (Xinshu), DU-20 (Baihui)",Wen Dan Tang (Warm Gallbladder) plus Liu Wei Di Huang Wan
What helps overthinking past mistakes and regrets?,"Liver Qi Stagnation with Phlegm Misting Shen. Past regrets show liver constraint trapping qi in past timeline with clouded mind. Soothe liver, release past attachment, resolve phlegm, anchor in present.","LV-3 (Taichong), ST-40 (Fenglong), HT-7 (Shenmen), PC-6 (Neiguan), LV-14 (Qimen), GB-34 (Yanglingquan)","Xiao Yao San (Free and Easy Wanderer) plus Wen Dan Tang, release past practice"
How to treat intrusive thoughts and mental obsessions?,"Phlegm-Fire Harassing Heart-Shen. Intrusive thoughts show extreme phlegm-fire agitation disturbing consciousness. Clear phlegm-fire strongly, calm shen, settle disturbed mind, restore mental peace.","HT-7 (Shenmen), DU-24 (Shenting), ST-40 (Fenglong), LI-11 (Quchi), PC-6 (Neiguan), Yintang","Wen Dan Tang (Warm Gallbladder) plus heavy sedating minerals, Long Dan Xie Gan Tang"
What TCM treatment helps perfectionism and fear of failure?,"Heart-Gallbladder Qi Deficiency with Liver Qi Stagnation. Perfectionism combines fearful organs with constrained flow creating impossible standards. Tonify courage, soothe liver, accept imperfection.","HT-7 (Shenmen), GB-34 (Yanglingquan), LV-3 (Taichong), PC-6 (Neiguan), ST-36 (Zusanli), Yintang",Wen Dan Tang (Warm Gallbladder) plus Xiao Yao San plus self-compassion practice
How does TCM address imposter syndrome feelings?,"Heart-Spleen Deficiency with Liver Qi Stagnation. Imposter feelings show deficient self-perception with constrained authentic expression. Strengthen heart-spleen self-worth, soothe liver, validate achievements.","HT-7 (Shenmen), ST-36 (Zusanli), LV-3 (Taichong), SP-6 (Sanyinjiao), PC-6 (Neiguan), REN-17 (Danzhong)",Gui Pi Tang (Restore Spleen) plus Xiao Yao San plus validate achievements
What helps constant comparison with others?,"Liver Qi Stagnation with Heart Blood Deficiency and Kidney Essence Deficiency. Comparison depletes self through stagnation and deficiency. Soothe liver, nourish heart-kidney, anchor in own path.","LV-3 (Taichong), HT-7 (Shenmen), KI-3 (Taixi), BL-18 (Ganshu), BL-23 (Shenshu), PC-6 (Neiguan)",Xiao Yao San (Free and Easy Wanderer) plus Zuo Gui Wan (Restore Left Kidney)
How to treat negative self-image and low self-worth?,"Heart Blood and Kidney Essence Severe Deficiency with Liver Qi Stagnation. Low self-worth shows depleted heart-kidney governing self-value. Deeply nourish heart blood-kidney essence, soothe liver, rebuild self-image.","HT-7 (Shenmen), KI-3 (Taixi), LV-3 (Taichong), SP-6 (Sanyinjiao), BL-15 (Xinshu), REN-17 (Danzhong)",Si Wu Tang (Four Substances) plus Zuo Gui Wan plus self-worth affirmations
What TCM treatment builds emotional resilience and strength?,"Kidney Essence and Qi Deficiency with Heart-Spleen Support. Resilience requires strong kidney willpower and heart-spleen processing. Tonify kidney deeply, strengthen heart-spleen, build adaptive capacity.","KI-3 (Taixi), HT-7 (Shenmen), ST-36 (Zusanli), BL-23 (Shenshu), SP-6 (Sanyinjiao), REN-6 (Qihai)",Jin Gui Shen Qi Wan (Kidney Qi Pill) plus Gui Pi Tang (Restore Spleen)
How does TCM address difficulty handling criticism?,"Heart-Gallbladder Qi Deficiency with Liver Qi Stagnation. Criticism sensitivity shows weak courage organs and defensive stagnation. Tonify heart-gallbladder, soothe liver, develop thick skin energy.","HT-7 (Shenmen), GB-34 (Yanglingquan), LV-3 (Taichong), PC-6 (Neiguan), ST-36 (Zusanli), REN-17 (Danzhong)",Wen Dan Tang (Warm Gallbladder) plus Xiao Yao San plus boundary practice
What helps patients who feel emotionally overwhelmed easily?,"Heart-Spleen Qi Deficiency Unable to Contain Emotions. Overwhelm shows deficient containment and processing capacity. Tonify heart-spleen powerfully, strengthen emotional boundaries, regulate intensity.","HT-7 (Shenmen), ST-36 (Zusanli), SP-6 (Sanyinjiao), REN-17 (Danzhong), PC-6 (Neiguan), BL-15 (Xinshu)",Gui Pi Tang (Restore Spleen) plus Si Jun Zi Tang (Four Gentlemen)
How to treat inability to bounce back from setbacks?,"Kidney Essence and Yang Deficiency with Spleen Qi Deficiency. Inability to recover shows depleted foundational energy and poor transformation. Tonify kidney essence-yang, strengthen spleen, restore regenerative capacity.","KI-3 (Taixi), ST-36 (Zusanli), REN-6 (Qihai), DU-4 (Mingmen), SP-6 (Sanyinjiao), BL-23 (Shenshu)",You Gui Wan (Restore Right Kidney) plus Shen Ling Bai Zhu San
What TCM approach helps excessive sensitivity to stress?,"Liver Qi Stagnation with Heart-Kidney Deficiency. Stress sensitivity shows poor liver adaptation with depleted heart-kidney reserves. Soothe liver, tonify heart-kidney, increase stress threshold.","LV-3 (Taichong), HT-7 (Shenmen), KI-3 (Taixi), PC-6 (Neiguan), ST-36 (Zusanli), GB-34 (Yanglingquan)",Xiao Yao San (Free and Easy Wanderer) plus Jin Gui Shen Qi Wan
How does TCM support emotional regulation difficulties?,"Liver Qi Stagnation Invading Heart-Spleen. Dysregulation shows liver disrupting emotional processing organs. Strongly soothe liver, strengthen heart-spleen boundary, restore emotional governance.","LV-3 (Taichong), HT-7 (Shenmen), ST-36 (Zusanli), SP-6 (Sanyinjiao), PC-6 (Neiguan), BL-18 (Ganshu)",Xiao Yao San (Free and Easy Wanderer) plus Gui Pi Tang plus boundaries
What helps people who internalize others' emotions?,"Weak Boundaries Between Self and Other Qi. Absorbing others' emotions shows porous energetic boundaries. Strengthen wei qi (defensive qi), tonify kidney-spleen, establish clear energetic boundaries.","LI-4 (Hegu), ST-36 (Zusanli), KI-3 (Taixi), SP-6 (Sanyinjiao), REN-6 (Qihai), BL-13 (Feishu)","Yu Ping Feng San (Jade Windscreen) plus Jin Gui Shen Qi Wan, boundary work"
How to treat emotional numbness and disconnection?,"Heart Blood and Yin Severe Deficiency with Shen Disconnection. Numbness shows extreme depletion forcing consciousness to disconnect. Deeply nourish heart blood-yin, reconnect shen, restore feeling capacity.","HT-7 (Shenmen), KI-6 (Zhaohai), SP-6 (Sanyinjiao), PC-6 (Neiguan), BL-15 (Xinshu), REN-17 (Danzhong)",Tian Wang Bu Xin Dan (Emperor of Heaven) plus Si Wu Tang (Four Substances)
What TCM treatment helps recover from emotional trauma?,"Heart-Shen Injury with Liver Qi Stagnation and Kidney Essence Deficiency. Trauma damages shen, creates liver constraint, depletes kidney. Heal shen, soothe liver, tonify kidney, process and release trauma.","HT-7 (Shenmen), PC-6 (Neiguan), LV-3 (Taichong), KI-3 (Taixi), GB-20 (Fengchi), REN-17 (Danzhong)","Gan Mai Da Zao Tang (Licorice, Wheat, Jujube) plus Chai Hu Shu Gan San"
How does TCM address fear of emotional vulnerability?,"Heart-Gallbladder Qi Deficiency with Liver Qi Stagnation. Vulnerability fear shows weak courage with defensive armor. Tonify heart-gallbladder, gently soothe liver, safe emotional opening.","HT-7 (Shenmen), GB-34 (Yanglingquan), LV-3 (Taichong), PC-6 (Neiguan), REN-17 (Danzhong), Yintang",Wen Dan Tang (Warm Gallbladder) plus Xiao Yao San plus safe opening practice
What helps patients with low frustration tolerance?,"Liver Qi Stagnation with Spleen Qi Deficiency and Impatience. Low tolerance shows constrained flow with weak processing capacity. Soothe liver, strengthen spleen, increase frustration threshold.","LV-3 (Taichong), ST-36 (Zusanli), GB-34 (Yanglingquan), PC-6 (Neiguan), HT-7 (Shenmen), SP-6 (Sanyinjiao)",Xiao Yao San (Free and Easy Wanderer) plus Shen Ling Bai Zhu San
How to treat emotional reactivity and mood swings?,"Liver Yang Rising with Heart Yin Deficiency. Reactivity shows excess liver yang with depleted heart yin regulation. Calm liver yang, nourish heart yin, restore emotional equilibrium.","LV-3 (Taichong), LV-2 (Xingjian), HT-7 (Shenmen), KI-6 (Zhaohai), PC-6 (Neiguan), GB-34 (Yanglingquan)",Tian Ma Gou Teng Yin (Gastrodia and Uncaria) plus Tian Wang Bu Xin Dan
What TCM treatment helps lack of motivation and drive?,"Spleen-Kidney Yang Deficiency with Dampness. Lack of drive shows depleted yang fire and damp obstruction. Warm spleen-kidney yang, resolve dampness, reignite motivational fire.","ST-36 (Zusanli), REN-6 (Qihai), DU-4 (Mingmen), KI-3 (Taixi), SP-6 (Sanyinjiao), BL-23 (Shenshu)",You Gui Wan (Restore Right Kidney) plus Wu Ling San (Five-Ingredient Powder)
How does TCM address procrastination and avoidance?,"Liver Qi Stagnation with Spleen Qi Deficiency. Procrastination shows stagnant initiation with weak follow-through. Soothe liver to start, strengthen spleen to continue, move action forward.","LV-3 (Taichong), ST-36 (Zusanli), GB-34 (Yanglingquan), SP-6 (Sanyinjiao), PC-6 (Neiguan), REN-6 (Qihai)",Xiao Yao San (Free and Easy Wanderer) plus Shen Ling Bai Zhu San
What helps patients with chronic lack of ambition?,"Kidney Essence and Yang Severe Deficiency. No ambition shows depleted kidney willpower and drive. Deeply tonify kidney essence-yang, restore life force and forward momentum.","KI-3 (Taixi), DU-4 (Mingmen), BL-23 (Shenshu), REN-4 (Guanyuan), ST-36 (Zusanli), GB-25 (Jingmen)",You Gui Wan (Restore Right Kidney) plus Ren Shen Yang Rong Tang
How to treat feeling stuck and unable to move forward?,"Severe Qi Stagnation with Dampness Obstruction. Stuck feeling shows blocked flow with heavy damp burden. Move qi powerfully, transform dampness, clear pathways, restore movement.","LV-3 (Taichong), GB-34 (Yanglingquan), ST-36 (Zusanli), SP-9 (Yinlingquan), PC-6 (Neiguan), LV-14 (Qimen)",Xue Fu Zhu Yu Tang (Drive Out Stasis from Mansion of Blood) plus Wu Ling San
What TCM approach helps loss of purpose and direction?,"Heart-Kidney Disconnection with Kidney Essence Deficiency. Lost purpose shows heart-kidney split affecting willpower and direction. Connect heart-kidney, tonify kidney, restore clarity of life purpose.","HT-7 (Shenmen), KI-3 (Taixi), REN-17 (Danzhong), BL-15 (Xinshu), BL-23 (Shenshu), PC-6 (Neiguan)",Gui Pi Tang (Restore Spleen) plus Jin Gui Shen Qi Wan plus purpose work
How does TCM support initiative and goal-setting difficulties?,"Liver Qi Stagnation with Spleen-Kidney Deficiency. Initiative problems show constrained beginning impulse with weak foundation. Soothe liver for initiation, tonify spleen-kidney for sustained action.","LV-3 (Taichong), ST-36 (Zusanli), KI-3 (Taixi), GB-34 (Yanglingquan), SP-6 (Sanyinjiao), PC-6 (Neiguan)",Xiao Yao San (Free and Easy Wanderer) plus Jin Gui Shen Qi Wan
What helps morning lethargy affecting daily motivation?,"Spleen-Kidney Yang Deficiency. Morning lethargy shows yang not rising to activate daily qi. Warm spleen-kidney yang, lift morning qi, restore energetic awakening.","DU-20 (Baihui), ST-36 (Zusanli), REN-6 (Qihai), DU-4 (Mingmen), KI-3 (Taixi), SP-6 (Sanyinjiao)",You Gui Wan (Restore Right Kidney) plus morning activation
How to treat apathy and disinterest in life?,"Severe Heart-Kidney Yang Deficiency with Shen Withdrawal. Apathy shows profound yang depletion forcing consciousness retreat. Tonify heart-kidney yang, re-engage shen, restore interest in life.","HT-7 (Shenmen), KI-3 (Taixi), REN-6 (Qihai), DU-4 (Mingmen), ST-36 (Zusanli), DU-20 (Baihui)",Ren Shen Yang Rong Tang (Ginseng Nourish Luxuriance) plus shen re-engagement
What TCM treatment helps restore passion and enthusiasm?,"Liver Qi Stagnation transforming to Liver Blood Deficiency with Heart Fire Deficiency. Lost passion shows constrained then depleted flow with extinguished heart fire. Soothe liver, nourish blood, reignite heart fire.","HT-7 (Shenmen), LV-3 (Taichong), REN-17 (Danzhong), BL-15 (Xinshu), LV-14 (Qimen), PC-6 (Neiguan)",Chai Hu Shu Gan San (Bupleurum) plus Gui Pi Tang plus reignite passion
How does TCM address resistance to change and growth?,"Liver Qi Stagnation with Kidney Yang Deficiency. Change resistance shows fear-based constraint with depleted adaptive energy. Soothe liver fear, tonify kidney yang, increase flexibility and openness.","LV-3 (Taichong), KI-3 (Taixi), DU-4 (Mingmen), GB-34 (Yanglingquan), ST-36 (Zusanli), REN-6 (Qihai)",Xiao Yao San (Free and Easy Wanderer) plus You Gui Wan plus flexibility training
What TCM treatment helps pressure-induced mental paralysis?,"Heart-Gallbladder Qi Deficiency with Liver Qi Stagnation and Phlegm. Pressure paralysis shows fearful freeze response with clouded thinking. Tonify heart-gallbladder courage, soothe liver, clear phlegm, restore action.","HT-7 (Shenmen), GB-34 (Yanglingquan), LV-3 (Taichong), ST-40 (Fenglong), PC-6 (Neiguan), Yintang",Wen Dan Tang (Warm Gallbladder) plus Xiao Yao San plus courage building
How does TCM address performance anxiety and stage fright?,"Heart-Kidney Yin Deficiency with Liver Qi Stagnation. Performance anxiety shows depleted calming yin with constrained expression. Nourish heart-kidney yin, soothe liver, restore calm confident performance.","HT-7 (Shenmen), KI-6 (Zhaohai), LV-3 (Taichong), PC-6 (Neiguan), Yintang, SP-6 (Sanyinjiao)",Tian Wang Bu Xin Dan (Emperor of Heaven) plus Xiao Yao San
What helps patients who freeze under deadlines?,"Spleen-Kidney Yang Deficiency with Liver Qi Stagnation. Deadline freeze shows depleted action energy with constrained flow. Warm yang, soothe liver, activate timely movement.","ST-36 (Zusanli), LV-3 (Taichong), DU-4 (Mingmen), REN-6 (Qihai), KI-3 (Taixi), GB-34 (Yanglingquan)",You Gui Wan (Restore Right Kidney) plus Xiao Yao San plus activation practice
How to treat stress-induced mental blanking?,"Heart-Kidney Yin Deficiency with Phlegm Misting Orifices. Mental blanking shows depleted yin calm with phlegm blocking access. Nourish yin, clear phlegm, restore mental retrieval under stress.","HT-7 (Shenmen), KI-6 (Zhaohai), ST-40 (Fenglong), Yintang, PC-6 (Neiguan), DU-20 (Baihui)",Liu Wei Di Huang Wan (Six-Ingredient Rehmannia) plus Wen Dan Tang
What TCM approach helps test anxiety affecting performance?,"Heart-Gallbladder Qi Deficiency with Liver Qi Stagnation. Test anxiety shows weak courage with constrained mental flow. Tonify heart-gallbladder, soothe liver, restore confident exam performance.","HT-7 (Shenmen), GB-34 (Yanglingquan), LV-3 (Taichong), PC-6 (Neiguan), Yintang, ST-36 (Zusanli)",Wen Dan Tang (Warm Gallbladder) plus Xiao Yao San plus test preparation
How does TCM support stress resilience and adaptability?,"Kidney Essence and Spleen-Kidney Yang. Resilience requires strong kidney foundation and yang adaptability. Tonify kidney essence-yang, strengthen spleen, increase stress adaptation capacity.","KI-3 (Taixi), ST-36 (Zusanli), DU-4 (Mingmen), REN-6 (Qihai), BL-23 (Shenshu), HT-7 (Shenmen)",Jin Gui Shen Qi Wan (Kidney Qi Pill) plus You Gui Wan plus adaptogen herbs
What helps workaholism and inability to rest mentally?,"Liver Qi Stagnation with Heart-Kidney Yin Deficiency. Workaholism shows compensating stagnation with depleted rest capacity. Soothe liver, nourish heart-kidney yin, restore work-rest balance.","LV-3 (Taichong), HT-7 (Shenmen), KI-6 (Zhaohai), SP-6 (Sanyinjiao), PC-6 (Neiguan), Yintang",Xiao Yao San (Free and Easy Wanderer) plus Liu Wei Di Huang Wan plus rest practice
How to treat burnout from chronic high-pressure environment?,"Severe Qi-Blood-Yin-Yang Depletion with Shen Exhaustion. Burnout shows total vital substance depletion. Comprehensive tonification all levels, rest shen, deep restoration required.","ST-36 (Zusanli), KI-3 (Taixi), HT-7 (Shenmen), SP-6 (Sanyinjiao), REN-6 (Qihai), DU-20 (Baihui)",Ba Zhen Tang (Eight Treasures) plus Ren Shen Yang Rong Tang plus deep rest
What TCM treatment helps deadline-related panic?,"Heart-Gallbladder Qi Deficiency with Phlegm-Fire. Deadline panic shows anxious organs with agitating fire. Tonify heart-gallbladder, clear phlegm-fire, calm panic response.","HT-7 (Shenmen), GB-34 (Yanglingquan), PC-6 (Neiguan), ST-40 (Fenglong), LI-11 (Quchi), Yintang",Wen Dan Tang (Warm Gallbladder) plus calming minerals plus time management
How does TCM address nervous system dysregulation from stress?,"Liver Yang Rising with Kidney Yin Deficiency and Heart Qi Deficiency. Dysregulation shows excess rising yang with depleted foundation. Calm liver yang, nourish kidney yin, tonify heart qi, restore regulation.","LV-3 (Taichong), KI-3 (Taixi), HT-7 (Shenmen), GB-20 (Fengchi), PC-6 (Neiguan), DU-20 (Baihui)",Tian Ma Gou Teng Yin (Gastrodia) plus Liu Wei Di Huang Wan plus regulation practice
What TCM treatment helps identity confusion and crisis?,"Heart-Kidney Disconnection with Liver Qi Stagnation. Identity confusion shows split self-understanding with constrained authentic expression. Connect heart-kidney, soothe liver, integrate identity.","HT-7 (Shenmen), KI-3 (Taixi), LV-3 (Taichong), PC-6 (Neiguan), REN-17 (Danzhong), DU-20 (Baihui)",Gui Pi Tang (Restore Spleen) plus Xiao Yao San plus identity integration work
How does TCM address lack of self-awareness?,"Heart-Shen Clouded with Phlegm and Dampness. Lack of self-awareness shows obscured consciousness unable to perceive self. Clear phlegm-damp, brighten shen, restore self-perception.","DU-20 (Baihui), Yintang, HT-7 (Shenmen), ST-40 (Fenglong), SP-9 (Yinlingquan), Sishencong",Wen Dan Tang (Warm Gallbladder) plus Wu Ling San plus self-reflection practice
What helps patients disconnected from authentic self?,"Heart-Kidney Disconnection with Liver Qi Severe Stagnation. Disconnection from authentic self shows major split with heavily constrained true nature. Connect heart-kidney, deeply soothe liver, recover authenticity.","HT-7 (Shenmen), KI-3 (Taixi), LV-3 (Taichong), PC-6 (Neiguan), REN-17 (Danzhong), GB-34 (Yanglingquan)",Gui Pi Tang (Restore Spleen) plus Xiao Yao San plus authenticity recovery
How to treat people-pleasing at expense of self?,"Spleen Qi Deficiency with Liver Qi Stagnation Invading. People-pleasing shows weak personal center invaded by external demands. Strengthen spleen center, establish boundaries, honor self-needs.","ST-36 (Zusanli), LV-3 (Taichong), SP-6 (Sanyinjiao), REN-12 (Zhongwan), BL-20 (Pishu), PC-6 (Neiguan)",Si Jun Zi Tang (Four Gentlemen) plus Xiao Yao San plus self-honoring practice
What TCM approach helps victims of codependency?,"Kidney Essence Deficiency with Weak Wei Qi Boundaries. Codependency shows no energetic separation between self and other. Tonify kidney self-essence, strengthen wei qi boundaries, establish independence.","KI-3 (Taixi), LI-4 (Hegu), ST-36 (Zusanli), REN-6 (Qihai), SP-6 (Sanyinjiao), BL-23 (Shenshu)",Jin Gui Shen Qi Wan (Kidney Qi Pill) plus Yu Ping Feng San plus separation work
How does TCM support weak sense of boundaries?,"Spleen Qi Deficiency with Liver Qi Stagnation. Weak boundaries show deficient center with constrained self-assertion. Strengthen spleen, soothe liver, establish clear limits.","ST-36 (Zusanli), LV-3 (Taichong), SP-6 (Sanyinjiao), REN-12 (Zhongwan), LI-4 (Hegu), PC-6 (Neiguan)",Si Jun Zi Tang (Four Gentlemen) plus Xiao Yao San plus boundary establishment
What helps difficulty saying no and setting limits?,"Spleen Qi Deficiency with Liver Qi Stagnation. Difficulty saying no shows weak center unable to assert needs. Tonify spleen center, empower liver assertion, practice boundary-setting.","ST-36 (Zusanli), LV-3 (Taichong), SP-6 (Sanyinjiao), GB-34 (Yanglingquan), PC-6 (Neiguan), LI-4 (Hegu)",Si Jun Zi Tang (Four Gentlemen) plus Xiao Yao San plus assertiveness training
How to treat loss of personal identity in relationships?,"Severe Identity Enmeshment with Qi-Blood Deficiency. Lost identity in relationship shows complete fusion with depleted self-essence. Separate energetically, tonify qi-blood, rebuild individual self.","HT-7 (Shenmen), KI-3 (Taixi), SP-6 (Sanyinjiao), LV-3 (Taichong), REN-17 (Danzhong), PC-6 (Neiguan)","Ba Zhen Tang (Eight Treasures) plus identity rebuilding, separation therapy"
What TCM treatment helps fixed mindset resistance to growth?,"Liver Qi Severe Stagnation with Kidney Yang Deficiency. Fixed mindset shows rigid constraint with depleted growth energy. Deeply soothe liver rigidity, tonify kidney yang, open to growth possibilities.","LV-3 (Taichong), GB-34 (Yanglingquan), KI-3 (Taixi), DU-4 (Mingmen), LV-14 (Qimen), ST-36 (Zusanli)",Xiao Yao San (Free and Easy Wanderer) plus You Gui Wan plus growth mindset work
How does TCM address belief in personal limitations?,"Kidney Essence Deficiency with Heart-Spleen Deficiency. Limiting beliefs show depleted willpower with weak mental processing. Tonify kidney essence, strengthen heart-spleen, expand perceived capabilities.","KI-3 (Taixi), HT-7 (Shenmen), ST-36 (Zusanli), DU-20 (Baihui), BL-23 (Shenshu), SP-6 (Sanyinjiao)",Liu Wei Di Huang Wan (Six-Ingredient Rehmannia) plus Gui Pi Tang plus capability expansion
What helps patients with learned helplessness?,"Liver Qi Stagnation with Spleen-Kidney Severe Deficiency. Helplessness shows constrained action with depleted capacity believing change impossible. Soothe liver, tonify spleen-kidney, restore agency.","LV-3 (Taichong), ST-36 (Zusanli), KI-3 (Taixi), SP-6 (Sanyinjiao), GB-34 (Yanglingquan), REN-6 (Qihai)",Xiao Yao San (Free and Easy Wanderer) plus Jin Gui Shen Qi Wan plus agency restoration
How to treat victim mentality and external locus of control?,"Kidney Yang Deficiency with Liver Qi Stagnation and External Locus. Victim mentality shows depleted personal power with blame-based constraint. Tonify kidney yang empowerment, soothe liver, internalize control.","KI-3 (Taixi), DU-4 (Mingmen), LV-3 (Taichong), REN-6 (Qihai), ST-36 (Zusanli), GB-34 (Yanglingquan)",You Gui Wan (Restore Right Kidney) plus Xiao Yao San plus empowerment practice
What TCM approach helps scarcity mindset and fear of lack?,"Spleen Qi Deficiency with Liver Qi Stagnation and Fear. Scarcity mindset shows weak abundance center with constrained flow creating lack. Strengthen spleen abundance, soothe liver, shift to prosperity consciousness.","ST-36 (Zusanli), LV-3 (Taichong), SP-6 (Sanyinjiao), REN-12 (Zhongwan), BL-20 (Pishu), GB-34 (Yanglingquan)",Si Jun Zi Tang (Four Gentlemen) plus Xiao Yao San plus abundance mindset shift
How does TCM address belief that change is impossible?,"Severe Liver Qi Stagnation with Kidney Yang Deficiency. Belief change impossible shows rigid constraint with depleted transformation energy. Deeply move liver stagnation, tonify kidney yang, prove change possible.","LV-3 (Taichong), KI-3 (Taixi), DU-4 (Mingmen), GB-34 (Yanglingquan), ST-36 (Zusanli), LV-14 (Qimen)",Xiao Yao San (Free and Easy Wanderer) plus You Gui Wan plus prove change possible
What helps all-or-nothing thinking patterns?,"Liver Qi Stagnation with Heart Blood Deficiency. All-or-nothing thinking shows rigid constraint with depleted heart flexibility. Soothe liver, nourish heart blood, embrace middle way.","LV-3 (Taichong), HT-7 (Shenmen), GB-34 (Yanglingquan), SP-6 (Sanyinjiao), PC-6 (Neiguan), LV-14 (Qimen)",Xiao Yao San (Free and Easy Wanderer) plus Si Wu Tang plus middle way practice
How to treat fear of success and self-sabotage?,"Liver Qi Stagnation with Kidney Essence Deficiency and Heart-Gallbladder Deficiency. Self-sabotage shows constrained success path with weak courage-willpower. Soothe liver, tonify kidney-heart-gallbladder, permit success.","LV-3 (Taichong), KI-3 (Taixi), HT-7 (Shenmen), GB-34 (Yanglingquan), REN-6 (Qihai), BL-23 (Shenshu)",Xiao Yao San (Free and Easy Wanderer) plus Wen Dan Tang plus permit success work
What TCM treatment helps deeply ingrained limiting beliefs?,"Generational Jing (Essence) Depletion with Liver Qi Stagnation. Deeply ingrained beliefs from ancestral patterns affecting kidney essence and liver flow. Tonify jing, heal ancestral patterns, soothe liver, rewrite beliefs.","KI-3 (Taixi), BL-23 (Shenshu), DU-4 (Mingmen), LV-3 (Taichong), HT-7 (Shenmen), GB-34 (Yanglingquan)","Zuo Gui Wan (Restore Left Kidney) plus ancestral healing, belief rewriting"
How does TCM address generational trauma affecting mindset?,"Inherited Kidney Essence Deficiency with Heart-Liver Constraint. Generational trauma affects kidney foundation and heart-liver flow across generations. Heal ancestral trauma, tonify kidney, soothe heart-liver, break cycle.","KI-3 (Taixi), HT-7 (Shenmen), LV-3 (Taichong), BL-23 (Shenshu), BL-15 (Xinshu), BL-18 (Ganshu)","Jin Gui Shen Qi Wan (Kidney Qi Pill) plus ancestral trauma healing, pattern breaking"
What TCM treatment helps ADHD-like attention difficulties?,"Heart-Spleen Deficiency with Liver Yang Rising. ADHD-like symptoms show weak mental organs with excess rising yang scattering attention. Tonify heart-spleen, calm liver yang, anchor focus.","HT-7 (Shenmen), ST-36 (Zusanli), DU-20 (Baihui), LV-3 (Taichong), GB-20 (Fengchi), Sishencong",Gui Pi Tang (Restore Spleen) plus Tian Ma Gou Teng Yin (Gastrodia and Uncaria)
How does TCM address inability to maintain sustained focus?,"Heart-Kidney Yin Deficiency with Liver Yang Rising. Sustained focus requires yin grounding with calm yang. Nourish heart-kidney yin, calm liver yang, restore sustained attention capacity.","HT-7 (Shenmen), KI-3 (Taixi), DU-20 (Baihui), LV-3 (Taichong), GB-20 (Fengchi), PC-6 (Neiguan)",Liu Wei Di Huang Wan (Six-Ingredient Rehmannia) plus Tian Ma Gou Teng Yin
What helps digital distraction and technology addiction?,"Heart-Shen Scattered with Liver Qi Stagnation. Digital distraction shows agitated shen with compulsive stagnant pattern. Anchor shen, soothe liver, break addictive patterns, restore presence.","HT-7 (Shenmen), DU-20 (Baihui), LV-3 (Taichong), PC-6 (Neiguan), Yintang, ST-36 (Zusanli)",Wen Dan Tang (Warm Gallbladder) plus Xiao Yao San plus digital detox
How to treat short attention span and restlessness?,"Heart-Spleen Qi Deficiency with Liver Yang Rising. Short attention shows weak holding organs with restless yang. Tonify heart-spleen, calm liver yang, increase attention span.","HT-7 (Shenmen), LV-3 (Taichong), ST-36 (Zusanli), DU-20 (Baihui), GB-20 (Fengchi), PC-6 (Neiguan)",Gui Pi Tang (Restore Spleen) plus Tian Ma Gou Teng Yin plus attention training
What TCM approach helps hyperfocus leading to exhaustion?,"Kidney Yin Deficiency with Liver Yang Excess. Hyperfocus depletes yin with excessive yang concentration causing burnout. Nourish kidney yin, regulate liver yang, balance focus-rest cycle.","KI-3 (Taixi), HT-7 (Shenmen), LV-3 (Taichong), GB-20 (Fengchi), SP-6 (Sanyinjiao), Yintang",Liu Wei Di Huang Wan (Six-Ingredient Rehmannia) plus rest-work balance
How does TCM support mind-wandering during important tasks?,"Heart-Shen Wandering with Spleen Qi Deficiency. Mind-wandering shows ungathered shen with weak mental gravity. Anchor shen, strengthen spleen, return attention to task.","HT-7 (Shenmen), DU-20 (Baihui), ST-36 (Zusanli), Sishencong, PC-6 (Neiguan), Yintang",Gui Pi Tang (Restore Spleen) plus Wen Dan Tang plus attention anchoring
What helps patients with sensory overload affecting focus?,"Heart-Kidney Yin Deficiency with Liver Yang Rising. Sensory overload shows depleted calming yin unable to filter excess stimulation. Nourish heart-kidney yin, calm liver yang, strengthen filtering.","HT-7 (Shenmen), KI-3 (Taixi), LV-3 (Taichong), GB-20 (Fengchi), PC-6 (Neiguan), Yintang",Liu Wei Di Huang Wan (Six-Ingredient Rehmannia) plus Tian Ma Gou Teng Yin
How to treat difficulty filtering out distractions?,"Heart-Spleen Deficiency with Liver Yang Rising and Phlegm. Distraction shows weak focus organs with excess yang and clouded perception. Tonify heart-spleen, calm yang, clear phlegm, filter distractions.","HT-7 (Shenmen), ST-36 (Zusanli), LV-3 (Taichong), ST-40 (Fenglong), DU-20 (Baihui), GB-20 (Fengchi)",Gui Pi Tang (Restore Spleen) plus Tian Ma Gou Teng Yin plus Wen Dan Tang
What TCM treatment helps analysis paralysis?,"Heart-Gallbladder Qi Deficiency with Phlegm Misting Orifices. Analysis paralysis shows weak decisiveness with clouded overthinking. Tonify heart-gallbladder, clear phlegm, restore decisive action.","HT-7 (Shenmen), GB-34 (Yanglingquan), ST-40 (Fenglong), PC-6 (Neiguan), DU-20 (Baihui), Yintang",Wen Dan Tang (Warm Gallbladder) plus Kai Xin San (Open Heart Powder)
How does TCM address difficulty prioritizing tasks?,"Spleen Qi Deficiency with Heart Blood Deficiency. Priority confusion shows weak discrimination with depleted clarity. Strengthen spleen discernment, nourish heart clarity, improve prioritization.","ST-36 (Zusanli), HT-7 (Shenmen), SP-6 (Sanyinjiao), BL-20 (Pishu), DU-20 (Baihui), PC-6 (Neiguan)","Shen Ling Bai Zhu San (Ginseng, Poria) plus Gui Pi Tang (Restore Spleen)"
What helps patients who second-guess every decision?,"Heart-Gallbladder Qi Deficiency with Liver Qi Stagnation. Second-guessing shows weak confidence with constrained trust. Tonify heart-gallbladder courage, soothe liver, trust decisions.","HT-7 (Shenmen), GB-34 (Yanglingquan), LV-3 (Taichong), PC-6 (Neiguan), ST-36 (Zusanli), Yintang",Wen Dan Tang (Warm Gallbladder) plus Xiao Yao San plus trust practice
How to treat mental confusion when facing choices?,"Phlegm-Dampness Misting Shen with Heart-Gallbladder Deficiency. Mental confusion shows obscured consciousness with weak decision organs. Clear phlegm-damp, tonify heart-gallbladder, restore clarity.","ST-40 (Fenglong), HT-7 (Shenmen), GB-34 (Yanglingquan), Yintang, DU-20 (Baihui), PC-6 (Neiguan)",Wen Dan Tang (Warm Gallbladder) plus Wu Ling San plus clarity restoration
What TCM approach helps decision fatigue?,"Heart-Spleen Severe Depletion from Excessive Deciding. Decision fatigue shows exhausted mental resources. Tonify heart-spleen, reduce decisions, restore cognitive reserves.","HT-7 (Shenmen), ST-36 (Zusanli), SP-6 (Sanyinjiao), PC-6 (Neiguan), DU-20 (Baihui), Yintang","Gui Pi Tang (Restore Spleen) plus reduce decision load, simplify"
How does TCM support poor judgment and impulsivity?,"Liver Yang Rising with Heart-Kidney Yin Deficiency. Impulsivity shows unchecked yang with depleted yin restraint. Calm liver yang, nourish heart-kidney yin, restore thoughtful judgment.","LV-3 (Taichong), HT-7 (Shenmen), KI-3 (Taixi), GB-20 (Fengchi), PC-6 (Neiguan), DU-20 (Baihui)",Tian Ma Gou Teng Yin (Gastrodia) plus Liu Wei Di Huang Wan
What helps chronic indecisiveness in daily life?,"Heart-Gallbladder Qi Deficiency with Liver Qi Stagnation. Chronic indecision shows weak decisiveness with constrained commitment. Tonify heart-gallbladder, soothe liver, practice deciding.","HT-7 (Shenmen), GB-34 (Yanglingquan), LV-3 (Taichong), PC-6 (Neiguan), DU-20 (Baihui), ST-36 (Zusanli)",Wen Dan Tang (Warm Gallbladder) plus Xiao Yao San plus decision practice
How to treat difficulty seeing big picture vs details?,"Heart-Spleen Imbalance with Kidney Essence Deficiency. Big picture vs details shows unbalanced perspective processing. Balance heart-spleen function, tonify kidney, integrate both views.","HT-7 (Shenmen), ST-36 (Zusanli), KI-3 (Taixi), DU-20 (Baihui), SP-6 (Sanyinjiao), Sishencong",Gui Pi Tang (Restore Spleen) plus Liu Wei Di Huang Wan plus perspective balance
What TCM treatment cultivates growth mindset and openness?,"Liver Qi Smooth Flow with Kidney Yang Tonification. Growth mindset requires flexible liver and transformative kidney yang. Soothe liver openness, tonify kidney yang, cultivate learning attitude.","LV-3 (Taichong), KI-3 (Taixi), DU-4 (Mingmen), HT-7 (Shenmen), GB-34 (Yanglingquan), DU-20 (Baihui)",Xiao Yao San (Free and Easy Wanderer) plus You Gui Wan plus learning attitude
How does TCM address rigid thinking and inflexibility?,"Severe Liver Qi Stagnation with Kidney Yang Deficiency. Rigid thinking shows inflexible constraint with depleted change capacity. Deeply move liver, tonify kidney yang, restore flexibility.","LV-3 (Taichong), GB-34 (Yanglingquan), KI-3 (Taixi), DU-4 (Mingmen), LV-14 (Qimen), ST-36 (Zusanli)",Xiao Yao San (Free and Easy Wanderer) plus You Gui Wan plus flexibility training
What helps patients resistant to new perspectives?,"Liver Qi Stagnation with Heart-Kidney Disconnection. Perspective resistance shows constrained flow with closed heart-mind. Soothe liver, connect heart-kidney, open to new ideas.","LV-3 (Taichong), HT-7 (Shenmen), KI-3 (Taixi), PC-6 (Neiguan), DU-20 (Baihui), GB-34 (Yanglingquan)",Xiao Yao San (Free and Easy Wanderer) plus Gui Pi Tang plus openness practice
How to treat fear of stepping outside comfort zone?,"Kidney Yang Deficiency with Liver Qi Stagnation and Heart-Gallbladder Deficiency. Comfort zone fear shows depleted risk energy with constrained courage. Tonify kidney-heart-gallbladder, soothe liver, embrace expansion.","KI-3 (Taixi), HT-7 (Shenmen), GB-34 (Yanglingquan), LV-3 (Taichong), DU-4 (Mingmen), PC-6 (Neiguan)",You Gui Wan (Restore Right Kidney) plus Wen Dan Tang plus expansion work
What TCM approach supports embracing challenges?,"Kidney Yang with Liver Qi and Heart-Gallbladder Tonification. Challenge embrace requires transformative yang, smooth flow, and courage. Tonify kidney yang-heart-gallbladder, soothe liver, welcome challenges.","KI-3 (Taixi), LV-3 (Taichong), HT-7 (Shenmen), GB-34 (Yanglingquan), DU-4 (Mingmen), ST-36 (Zusanli)",You Gui Wan (Restore Right Kidney) plus Wen Dan Tang plus challenge embrace
How does TCM help shift from fixed to growth mindset?,"Liver Qi Movement with Kidney Yang Tonification. Fixed to growth mindset shift requires moving stagnation and building transformation. Soothe liver deeply, tonify kidney yang powerfully, reprogram mindset.","LV-3 (Taichong), KI-3 (Taixi), DU-4 (Mingmen), HT-7 (Shenmen), GB-34 (Yanglingquan), DU-20 (Baihui)",Xiao Yao San (Free and Easy Wanderer) plus You Gui Wan plus mindset reprogramming
What helps cultivate curiosity and lifelong learning attitude?,"Heart-Kidney Connection with Liver Qi Smoothness. Curiosity requires open heart-mind with smooth exploratory flow. Connect heart-kidney, soothe liver, tonify kidney essence, cultivate wonder.","HT-7 (Shenmen), KI-3 (Taixi), LV-3 (Taichong), DU-20 (Baihui), GB-39 (Xuanzhong), Sishencong",Gui Pi Tang (Restore Spleen) plus Jin Gui Shen Qi Wan plus curiosity cultivation
