Question,Answer,Acupuncture Points,Herbal Formula
What is the fundamental principle of Yin-Yang in TCM?,Yin-Yang is the foundational concept describing two opposing yet complementary forces in nature and the human body. Balance between these forces is essential for health and wellbeing.,"CV4, GV20",Liu Wei Di Huang Wan
What are the main characteristics of Yin?,"Yin is characterized by qualities of internal, cool, moist, calm, feminine, soft, descending, and dark. Yin represents the nourishing and receptive energy in the body.","KI3, SP6",Er Zhi Wan
What are the main characteristics of Yang?,"Yang is characterized by qualities of external, warm, dry, active, masculine, hard, ascending, and bright. Yang represents the dynamic and transformative energy in the body.","GV14, ST36",You Gui Wan
How does Yin deficiency manifest in the body?,"Yin deficiency manifests as night sweats, dry mouth, heat in palms and soles (five palm heat), insomnia, constipation, red tongue with little coating, and rapid thin pulse.","KI3, KI6, SP6",Zhi Bai Di Huang Wan
How does Yang deficiency manifest in the body?,"Yang deficiency manifests as cold extremities, fatigue, pale complexion, frequent urination, loose stools, pale swollen tongue, and slow weak pulse.","CV4, CV6, GV4",Jin Gui Shen Qi Wan
What happens when Yin and Yang are in perfect balance?,"Perfect balance brings optimal health, stable energy, normal body temperature, emotional stability, strong immunity, and proper functioning of all body systems.","CV12, CV6, ST36",Xiao Yao San
Which organs are considered Yin in TCM?,"The Yin organs (Zang) include Liver, Heart, Spleen, Lung, and Kidney. These are solid organs responsible for storing vital substances like Qi, Blood, and essence.","LR3, HT7, SP6, LU9, KI3",Si Jun Zi Tang
Which organs are considered Yang in TCM?,"The Yang organs (Fu) include Gallbladder, Small Intestine, Stomach, Large Intestine, and Bladder. These are hollow organs responsible for digestion, transformation, and excretion.","GB34, SI3, ST36, LI4, BL23",Bao He Wan
What is the relationship between Yin and Yang?,"Yin and Yang are interdependent,互相 互根 (mutually rooted), 互用 (mutually useful), and互制 (mutually restricting). One cannot exist without the other, and they constantly transform into each other.","CV4, GV20, PC6",Gui Pi Tang
Why are the small dots in the Yin-Yang symbol important?,"The white dot in black and black dot in white symbolize that there's always some Yin within Yang and Yang within Yin, representing their interpenetration and mutual dependence.","CV17, GV14",Tian Wang Bu Xin Dan
How can tongue diagnosis reveal Yin-Yang imbalance?,A red tongue indicates Yang excess or Yin deficiency. A pale tongue indicates Yang deficiency or Yin excess. Tongue coating thickness and moisture also reflect Yin-Yang balance.,"CV12, SP4",Huang Lian Jie Du Tang
How does pulse diagnosis identify Yin-Yang patterns?,"A rapid pulse indicates heat (Yang), while a slow pulse indicates cold (Yin). A strong pulse suggests excess, while a weak pulse suggests deficiency. Pulse depth also reflects interior (Yin) versus exterior (Yang).","PC6, HT7",Sheng Mai San
What facial signs indicate Yang excess?,"Red face, acne, rashes, oily skin, loud voice, restlessness, and aggressive behavior indicate Yang excess or heat patterns.","LI4, LI11, ST44",Long Dan Xie Gan Tang
What facial signs indicate Yin deficiency?,"Dry skin, fine wrinkles, flushed cheeks (malar flush), dry lips, and a tired appearance indicate Yin deficiency patterns.","KI6, LU7, SP6",Mai Men Dong Tang
How does body temperature relate to Yin-Yang?,Feeling persistently cold indicates Yang deficiency or Yin excess. Feeling hot or having low-grade fever indicates Yang excess or Yin deficiency. Normal temperature reflects balance.,"CV6, GV14",Gui Zhi Tang
What do different sweat patterns reveal about Yin-Yang?,Night sweats indicate Yin deficiency. Spontaneous daytime sweating indicates Yang or Qi deficiency. Absence of sweating may indicate Yang excess or exterior cold.,"KI7, HT6, ST36",Dang Gui Liu Huang Tang
How does pain quality reflect Yin-Yang imbalance?,"Fixed, dull, chronic pain suggests Yin patterns or stagnation. Sharp, acute, burning pain suggests Yang patterns or heat. Pain relieved by warmth indicates Yang deficiency.","SP4, PC6, LI4",Shao Fu Zhu Yu Tang
What sleep patterns indicate Yin-Yang imbalance?,Difficulty falling asleep suggests Yang not entering Yin. Waking at night (especially 1-3am) suggests Yin deficiency. Excessive sleepiness suggests Yang deficiency.,"HT7, KI3, AN-MIAN",Suan Zao Ren Tang
How do emotional patterns relate to Yin-Yang?,"Excessive emotions (anger, excitement, mania) indicate Yang excess. Deficient emotions (depression, fear, sadness) indicate Yin excess or Yang deficiency.","LR3, PC6, HT7",Chai Hu Jia Long Gu Mu Li Tang
What do urine characteristics reveal about Yin-Yang?,"Dark, scanty, burning urine indicates Yang excess or Yin deficiency. Pale, copious, frequent urine indicates Yang deficiency. Clear moderate urine indicates balance.","BL28, SP9, KI3",Zhu Ling Tang
What is the basic treatment principle for Yin deficiency?,"Nourish Yin, clear deficiency heat, and calm the spirit. Use cooling, moistening herbs and tonifying Yin acupuncture points, especially Kidney and Lung Yin.","KI3, KI10, SP6, LU7",Liu Wei Di Huang Wan
What is the basic treatment principle for Yang deficiency?,"Warm and tonify Yang, especially Kidney and Spleen Yang. Use warming herbs and moxibustion on Yang-tonifying points.","CV4, CV6, GV4, ST36",Fu Zi Li Zhong Wan
How does acupuncture restore Yin-Yang balance?,"Acupuncture regulates Qi flow through meridians, harmonizing Yin and Yang. Tonification strengthens deficiency, while sedation reduces excess. Point selection depends on the specific imbalance.","CV4, GV20, PC6, ST36",Bu Zhong Yi Qi Tang
What is the role of moxibustion in Yang deficiency?,"Moxibustion warms meridians and expels cold, strongly tonifying Yang energy. It's especially effective for Yang deficiency with cold symptoms.","CV8, CV4, ST36, BL23",Shen Qi Wan
How do herbal formulas balance Yin and Yang?,"Herbs are categorized by temperature (cold to hot) and flavor, affecting Yin-Yang balance. Cold herbs clear heat and nourish Yin; warm herbs tonify Yang and expel cold.","CV12, ST36",Yin Yang Huo (Epimedium)
When should you tonify Yin first in treatment?,"Tonify Yin first when there's Yin deficiency with empty heat, night sweats, insomnia, dry symptoms, or when Yang is floating due to deficient Yin.","KI3, SP6, LR8",Da Bu Yin Wan
When should you tonify Yang first in treatment?,"Tonify Yang first when there's Yang deficiency with cold symptoms, fatigue, poor circulation, or when treating chronic conditions with weak constitution.","GV4, BL23, KI7",You Gui Wan
How do you treat both Yin and Yang deficiency together?,"Use formulas that tonify both Yin and Yang simultaneously, avoiding herbs that are too hot or too cold. Balance is key in dual deficiency.","CV4, GV4, KI3, ST36",Gui Shao Di Huang Wan
What is the treatment principle for Yang excess with heat?,"Clear heat, drain fire, and calm the spirit. Use cooling herbs and sedating acupuncture techniques on heat-clearing points.","LI11, GV14, LI4, ST44",Huang Lian Jie Du Tang
How do you prevent Yin damage when clearing Yang excess heat?,"Use herbs that clear heat without drying, add Yin-nourishing herbs to heat-clearing formulas, and avoid prolonged use of bitter cold herbs.","KI3, ST44, LI11",Qing Hao Bie Jia Tang
What dietary guidelines support Yin nourishment?,"Eat cooling, moistening foods like cucumber, watermelon, pear, tofu, mung beans, seaweed, and small amounts of animal products. Avoid spicy, fried, and hot foods.","SP6, ST36, KI3",Sheng Di Huang (Rehmannia)
What dietary guidelines support Yang nourishment?,"Eat warming foods like lamb, ginger, cinnamon, walnuts, garlic, leeks, and cooked foods. Avoid cold, raw foods and excessive cold drinks.","ST36, CV4, GV4",Rou Gui (Cinnamon)
How does sleep affect Yin-Yang balance?,Sleep is a Yin activity essential for restoration. Going to bed before 11pm nourishes Yin and allows Yang to rest. Poor sleep depletes Yin and causes Yang to float.,"HT7, KI3, AN-MIAN",Suan Zao Ren Tang
What exercise is best for Yin deficiency?,"Gentle, grounding exercises like Yin Yoga, Tai Chi, walking in nature, and swimming. Avoid excessive, intense, or competitive exercise that depletes Yin.","KI3, SP6, LR3",Gui Ban (Tortoise Shell)
What exercise is best for Yang deficiency?,"Moderate, warming exercises like Yang-style Tai Chi, brisk walking, light jogging, and exercises in sunlight. Avoid exercising to exhaustion.","ST36, GV4, CV6",Ba Ji Tian (Morinda)
How do seasons affect Yin-Yang balance?,"Spring and summer are Yang (growth, activity, warmth). Fall and winter are Yin (gathering, rest, cold). Lifestyle should align with seasonal Yin-Yang to maintain health.","GV20, CV4, ST36",Dang Gui (Angelica)
What is the best time for Yang-building activities?,"Morning and daytime are Yang times. Yang-building activities like exercise, work, and socializing are best done during these hours.","GV20, LI4, ST36",Ren Shen (Ginseng)
What is the best time for Yin-building activities?,"Evening and nighttime are Yin times. Yin-building activities like rest, meditation, gentle stretching, and sleep are best done during these hours.","KI3, HT7, SP6",Bai He (Lily Bulb)
How does stress affect Yin-Yang balance?,"Chronic stress depletes Yin (especially Kidney Yin) and causes Yang to rise excessively, leading to anxiety, insomnia, hypertension, and burnout.","HT7, PC6, LR3",Xiao Yao San
What meditation practices balance Yin-Yang?,"Mindfulness meditation, breathing exercises (especially deep belly breathing), and Qigong practices harmonize Yin and Yang by calming the mind and regulating Qi flow.","CV6, GV20, PC6",Tian Wang Bu Xin Dan
How do you treat insomnia due to Yin deficiency?,"Nourish Heart and Kidney Yin, clear deficiency heat, and calm the spirit using Yin-nourishing points and herbs.","HT7, KI3, SP6, AN-MIAN",Huang Lian E Jiao Tang
How do you treat chronic fatigue with Yang deficiency?,"Tonify Kidney and Spleen Yang, warm the body, and boost Qi using warming herbs and moxibustion on Yang points.","CV4, CV6, ST36, GV4",Jin Gui Shen Qi Wan
How is hypertension related to Yin-Yang imbalance?,"Most hypertension involves Liver Yang rising due to Kidney Yin deficiency. Treatment nourishes Yin, subdues Yang, and calms Liver wind.","LR3, KI3, GB20, LI11",Tian Ma Gou Teng Yin
How do you treat hot flashes in menopause?,"Menopause involves Kidney Yin deficiency with empty heat rising. Nourish Kidney Yin, clear deficiency heat, and calm the spirit.","KI3, KI6, HT6, SP6",Zhi Bai Di Huang Wan
How is diabetes understood in Yin-Yang terms?,"Diabetes (Xiao Ke) involves Yin deficiency with heat in Lung, Stomach, and Kidney. Treatment nourishes Yin, clears heat, and generates fluids.","SP6, ST36, KI3, LU9",Yu Quan Wan
How do you treat anxiety with Yin-Yang imbalance?,"Anxiety often involves Heart and Kidney Yin deficiency with Yang floating upward. Nourish Yin, calm the spirit, and anchor Yang.","HT7, KI3, PC6, CV17",Gan Mai Da Zao Tang
How is depression related to Yin-Yang?,Depression can involve Yang deficiency (lack of warmth and motivation) or Qi stagnation blocking Yang transformation. Treatment varies by pattern.,"GV20, CV17, PC6, ST36",Chai Hu Shu Gan San
How do you treat infertility in women from Yin-Yang perspective?,"Female infertility may involve Kidney Yin or Yang deficiency, Blood deficiency, or cold uterus. Treatment tonifies Kidney, nourishes Blood, and warms the uterus.","CV4, ST36, SP6, KI3",You Gui Wan or Zuo Gui Wan
How do you treat male erectile dysfunction with Yin-Yang theory?,"ED usually involves Kidney Yang deficiency or Liver Qi stagnation. Treatment tonifies Kidney Yang, moves Liver Qi, and invigorates Blood.","CV4, GV4, BL23, KI3",Zan Yu Dan
How is rheumatoid arthritis treated with Yin-Yang balance?,"RA involves Kidney Yang deficiency with accumulation of cold, damp, and wind. Treatment warms Yang, expels cold-damp, and moves Qi and Blood.","GV4, BL23, ST36, GB34",Du Huo Ji Sheng Tang
What is the concept of mutual consumption of Yin-Yang?,Excessive consumption of one aspect depletes the other. Chronic Yang excess consumes Yin; prolonged Yin deficiency weakens Yang. Both aspects must be preserved.,"CV4, CV6, ST36, KI3",Er Xian Tang
What does 'Yang within Yin' and 'Yin within Yang' mean?,"During daytime (Yang), there are Yin phases (rest). At night (Yin), there are Yang activities (dreaming). In the body, Yin organs have Yang functions and vice versa.","PC6, CV17",Yin Yang Huo
How does aging affect Yin-Yang balance?,"Aging involves gradual decline of both Yin and Yang, but especially Kidney Yin and Yang. The root of aging is in the Kidneys, requiring tonification.","KI3, GV4, BL23, CV4",Zuo Gui Wan
What is the relationship between Yin-Yang and the Five Elements?,"Five Elements represent different expressions of Yin-Yang balance. Water and Wood tend toward Yin, Fire and Metal toward Yang, and Earth is central balance.","CV12, ST36, SP6",Wu Ling San
How do external pathogens relate to Yin-Yang?,"Wind, cold, and dampness are Yin pathogens. Heat and dryness are Yang pathogens. Treatment expels pathogens while supporting the body's Yin-Yang balance.","LI4, GV14, BL12",Gui Zhi Tang
What is the Yin-Yang theory of pain?,"Pain from excess (stagnation, heat) is Yang pain - sharp and acute. Pain from deficiency (cold, weakness) is Yin pain - dull and chronic. Treatment differs accordingly.","LI4, SP6, ST36",Shao Yao Gan Cao Tang
How does climate affect individual Yin-Yang balance?,"Hot, dry climates deplete Yin. Cold, damp climates deplete Yang. Individuals must adjust lifestyle and diet according to their environment to maintain balance.","ST36, SP6, CV12",Huo Xiang Zheng Qi San
What is the role of Blood in Yin-Yang theory?,Blood is considered part of Yin (material substance). It nourishes tissues and anchors Yang. Blood deficiency can cause Yang to float upward.,"SP6, ST36, BL17, LR3",Si Wu Tang
What is the role of Qi in Yin-Yang theory?,Qi is considered Yang (function and movement). Qi deficiency leads to Yang deficiency symptoms. Qi moves Blood and all body functions.,"CV6, ST36, LU9",Bu Zhong Yi Qi Tang
How do the extraordinary vessels relate to Yin-Yang?,The Governing Vessel (Du Mai) is the sea of Yang. The Conception Vessel (Ren Mai) is the sea of Yin. These vessels regulate Yin-Yang throughout the body.,"CV4, GV4, CV6, GV20",Ba Zhen Tang
How do you balance Kidney Yin-Yang?,"The Kidneys are the root of Yin and Yang in the body. Treatment must carefully balance both aspects, as Kidney imbalances are fundamental to many chronic conditions.","KI3, BL23, GV4, CV4",Jin Gui Shen Qi Wan
How do you balance Heart Yin-Yang?,Heart Yin nourishes the spirit and controls consciousness. Heart Yang provides warmth and circulation. Balance both for mental clarity and cardiovascular health.,"HT7, HT3, PC6, CV17",Zhi Gan Cao Tang
How do you balance Liver Yin-Yang?,"Liver Yin nourishes Blood and prevents Liver Yang rising. Liver Yang ensures smooth Qi flow and ascending functions. Balance prevents headaches, dizziness, and irritability.","LR3, LR8, GB20, GB34",Yi Guan Jian
How do you balance Spleen Yin-Yang?,Spleen Yang transforms and transports food and fluids. Spleen Yin provides the material basis for transformation. Balance ensures proper digestion and immunity.,"SP3, SP6, ST36, CV12",Xiang Sha Liu Jun Zi Tang
How do you balance Lung Yin-Yang?,Lung Yin moistens the respiratory system and generates fluids. Lung Yang provides defensive Qi and respiratory strength. Balance prevents respiratory infections.,"LU9, LU7, LU5, BL13",Bai He Gu Jin Tang
What is Kidney Yang deficiency with water overflowing?,"When Kidney Yang cannot warm and transform fluids, water accumulates causing edema, urinary difficulty, and ascites. Treatment warms Kidney Yang and promotes urination.","CV9, SP9, BL23, CV4",Ji Sheng Shen Qi Wan
What is Liver Yang rising due to Kidney Yin deficiency?,"When Kidney Yin is deficient, it cannot nourish Liver Yin, causing Liver Yang to rise excessively, leading to headaches, dizziness, tinnitus, and hypertension.","LR3, KI3, GB20, KI6",Tian Ma Gou Teng Yin
What is Heart-Kidney disharmony?,"Heart (Fire, Yang) and Kidney (Water, Yin) should communicate and balance. Disharmony causes insomnia, palpitations, anxiety, and nocturnal emissions.","HT7, KI3, HT6, KI6",Liu Wei Di Huang Wan
What is Spleen-Kidney Yang deficiency?,"Both Spleen and Kidney Yang deficiency causes severe cold, diarrhea, edema, and weakness. Treatment warms both organs simultaneously.","CV4, ST36, BL20, BL23",Fu Zi Li Zhong Wan
What is Lung-Kidney Yin deficiency?,"Both organs' Yin deficiency causes dry cough, night sweats, low back pain, and afternoon fever. Treatment nourishes both Lung and Kidney Yin.","LU9, KI3, KI6, BL13",Bai He Gu Jin Tang
What are the characteristics of a Yin constitution?,"Yin constitution individuals tend to be quiet, introverted, cold-sensitive, prefer warmth, have slow metabolism, and are prone to Yin excess or Yang deficiency patterns.","CV4, ST36, GV4",Fu Zi Li Zhong Wan
What are the characteristics of a Yang constitution?,"Yang constitution individuals tend to be active, extroverted, heat-sensitive, prefer cool, have fast metabolism, and are prone to Yang excess or Yin deficiency patterns.","KI3, SP6, LI11",Zhi Bai Di Huang Wan
How do you treat a Yin constitutional type?,"Support and gently tonify Yang, warm the body, use moxibustion, recommend warming foods, and encourage moderate activity to prevent Yang deficiency.","CV4, CV6, ST36, GV4",Jin Gui Shen Qi Wan
How do you treat a Yang constitutional type?,"Nourish Yin, clear heat gently, recommend cooling foods, encourage calming activities, and prevent Yin depletion from excessive activity.","KI3, SP6, LR8, KI10",Liu Wei Di Huang Wan
How does gender affect Yin-Yang constitution?,"Women are generally more Yin (Blood-oriented, cyclic, nourishing). Men are generally more Yang (Qi-oriented, linear, active). Treatment adjusts accordingly.","CV4, SP6 (women), CV4, ST36 (men)",Ba Zhen Tang
How do you balance Yin-Yang in pregnancy?,Pregnancy emphasizes nourishing Blood and Yin while supporting Spleen Qi. Avoid excessive heat or cold therapies. Gentle tonification is key.,"SP6, ST36, CV12, KI3",Dang Gui Shao Yao San
How do you balance Yin-Yang postpartum?,"Postpartum involves Blood and Yin deficiency from childbirth. Treatment nourishes Blood and Yin, warms Yang gently, and restores Qi.","SP6, ST36, CV4, CV6",Sheng Hua Tang
How do children's Yin-Yang differ from adults?,"Children have immature Yin and Yang, are 'pure Yang' bodies (active, growing), and are easily affected by heat and cold. Treatment uses gentle methods.","ST36, GV12, LI4",Xiao Chai Hu Tang
How do you balance Yin-Yang in elderly?,"Elderly have declining Yin and Yang, especially Kidney. Treatment tonifies both gently, emphasizes Kidney nourishment, and prevents deficiency patterns.","KI3, BL23, ST36, CV4",Zuo Gui Wan or You Gui Wan
What is a balanced Yin-Yang constitution?,"A balanced constitution shows moderate energy, normal temperature, good sleep, stable emotions, strong immunity, and adaptability to environmental changes.","CV6, ST36, PC6",Si Jun Zi Tang
How do you diagnose Yin-Yang imbalance through symptoms?,"Assess temperature preferences, energy levels, body temperature, tongue, pulse, emotions, sleep, pain quality, and fluid balance to determine Yin-Yang pattern.","CV12, PC6",Xiao Yao San
What is the proper sequence in treating Yin-Yang imbalance?,"Generally: 1) Address acute symptoms, 2) Balance severe imbalances, 3) Tonify deficiencies, 4) Maintain balance. Emergency situations require immediate intervention.","CV4, ST36, PC6",Si Ni Tang
How long does it take to restore Yin-Yang balance?,Acute imbalances may resolve in days to weeks. Chronic imbalances require 3-6 months or longer. Lifestyle changes are essential for lasting balance.,"ST36, CV6, KI3",Bu Zhong Yi Qi Tang
Can you tonify Yin and Yang simultaneously?,"Yes, when both are deficient. Use balanced formulas that tonify both without overheating or over-cooling. Adjust ratio based on which is more deficient.","CV4, KI3, ST36",Er Xian Tang
What are contraindications in Yin-Yang treatment?,Don't warm Yang when there's true heat. Don't cool Yin when there's true cold. Don't tonify when there's excess. Don't drain when there's deficiency.,"CV12, PC6",Ping Wei San
How do you prevent relapse after balancing Yin-Yang?,"Maintain healthy lifestyle, appropriate diet, adequate sleep, stress management, seasonal adjustments, and periodic acupuncture or herbal maintenance.","ST36, CV6, LI4",Xiao Yao San
What role does constitutional treatment play?,"Constitutional treatment addresses the individual's inherent Yin-Yang tendency, preventing patterns from recurring and supporting overall resilience.","CV4, GV20, ST36",Ba Zhen Tang
How do you adjust treatment by season?,"Spring/Summer: Clear heat gently, support Yang. Fall/Winter: Nourish Yin, warm Yang. Adjust point selection and herbal formulas seasonally.","GV14, ST36, CV4",Dang Gui (seasonal adjustment)
What is the role of patient education in Yin-Yang balance?,"Teaching patients about Yin-Yang helps them understand their condition, make appropriate lifestyle choices, and participate actively in their healing.","PC6, HT7",Xiao Yao San
How do you combine acupuncture and herbs for optimal results?,"Acupuncture provides immediate Qi regulation and balance. Herbs provide sustained nourishment and transformation. Combined, they create synergistic healing.","ST36, SP6, CV12",Bu Zhong Yi Qi Tang
How does Yin-Yang theory relate to sympathetic and parasympathetic nervous systems?,"Yang corresponds to sympathetic (fight-or-flight, active). Yin corresponds to parasympathetic (rest-digest, restorative). Balance ensures healthy autonomic function.","GV20, CV4, PC6",Gui Pi Tang
How can Yin-Yang theory explain autoimmune diseases?,Autoimmune conditions involve Yin deficiency (loss of nourishment) and Yang hyperactivity (excessive immune response). Treatment nourishes Yin and calms Yang.,"KI3, LI11, SP6, ST36",Qing Hao Bie Jia Tang
How does Yin-Yang apply to mental health disorders?,"Anxiety, mania, and hyperactivity involve Yang excess or Yin deficiency. Depression and lethargy involve Yang deficiency. Balance requires addressing the root cause.","HT7, PC6, GV20, KI3",Chai Hu Jia Long Gu Mu Li Tang
Can Yin-Yang theory integrate with Western medicine?,Yes. Western diagnosis identifies disease; Yin-Yang theory identifies imbalance pattern. Both can inform comprehensive treatment addressing symptoms and root cause.,"ST36, PC6, LI4",Combination approach
How do you explain Yin-Yang to modern patients?,"Use analogies: Yin is like battery charging (rest, nourishment), Yang is like battery usage (activity, function). Balance ensures sustained energy and health.","CV6, ST36",Liu Wei Di Huang Wan
What laboratory tests correlate with Yin-Yang imbalances?,"Yin deficiency may show elevated inflammatory markers, thyroid hyperfunction. Yang deficiency may show low thyroid, anemia, low vitamin D. Use tests to confirm patterns.","KI3, ST36, CV4",Laboratory-guided formulas
How does chronic inflammation relate to Yin-Yang?,Chronic inflammation typically involves Yin deficiency with deficiency heat. Body cannot cool itself adequately. Treatment nourishes Yin and clears deficiency heat.,"KI3, SP6, LI11, ST36",Zhi Bai Di Huang Wan
How do sleep disorders relate to Yin-Yang balance?,Insomnia involves Yang not entering Yin or Yin deficiency. Sleep apnea may involve phlegm and Qi deficiency. Hypersomnia involves Yang deficiency. Each requires specific treatment.,"HT7, KI3, AN-MIAN, CV4",Suan Zao Ren Tang
What is the future of Yin-Yang theory in medicine?,"Yin-Yang provides a personalized medicine framework, considering individual constitution and patterns. It complements modern precision medicine by addressing balance and prevention.","CV4, GV20, ST36",Integrated medicine approach
How can technology help monitor Yin-Yang balance?,"Wearable devices tracking temperature, heart rate variability, sleep patterns, and activity levels can provide objective data supporting Yin-Yang assessment and treatment adjustment.","PC6, HT7, ST36",Data-informed treatment
